{
  "project_info": {
    "project_number": "805954135607",
    "firebase_url": "https://chat-programm-db242.firebaseio.com",
    "project_id": "chat-programm-db242",
    "storage_bucket": "chat-programm-db242.appspot.com"
  },
  "client": [
    {
      "client_info": {
        "mobilesdk_app_id": "1:805954135607:android:87ec505665c4a6334d41b2",
        "android_client_info": {
          "package_name": "com.example.myapplication"
        }
      },
      "oauth_client": [
        {
          "client_id": "805954135607-uj90qth8hlmp9tsj8t0mg2bkckbh4s0l.apps.googleusercontent.com",
          "client_type": 1,
          "android_info": {
            "package_name": "com.example.myapplication",
            "certificate_hash": "d535637d0aa2d523a4a50d3c6ea7ef18315db6c1"
          }
        },
        {
          "client_id": "805954135607-ilkp7fp67edbie0j415mp5b8j4tjrggg.apps.googleusercontent.com",
          "client_type": 3
        }
      ],
      "api_key": [
        {
          "current_key": "AIzaSyBvwCFqbqkV_4rznvoUAt-48uveSvkF0Bo"
        }
      ],
      "services": {
        "appinvite_service": {
          "other_platform_oauth_client": [
            {
              "client_id": "805954135607-ilkp7fp67edbie0j415mp5b8j4tjrggg.apps.googleusercontent.com",
              "client_type": 3
            }
          ]
        }
      }
    }
  ],
  "configuration_version": "1"
}